date,spend,permits,permit_val,starts,completions,manufactured,new_for_sale,months_supply,emratio,pop_level,gdp,mortgage_rate,fed_fund_rate,disp_income,pm_save,consump_durable,new_sold,hp_idx,owner_vacancy,rent_vacancy,week_earning,delinquent_rate,hor,hp_idx_qtr
2000-01-01,353065,1277,9982.312,1268,1262.0,304,310,4.3,64.6,211410,101.4913973,8.21,3.99,9309.1,358.9,908.6,873,100.552,1.6,7.9,603.0,1.95,67.1,101.33933333333334
2000-02-01,351933,1241,11363.143,1255,1326.0,291,305,4.3,64.6,211576,101.5524452,8.325,5.79,9345.2,324.3,930.7,856,101.339,1.5666666666666667,7.933333333333334,604.0,1.9566666666666666,67.13333333333333,102.11766666666668
2000-03-01,353452,1253,15373.755,1313,1312.0,287,310,4.3,64.6,211772,101.6269063,8.24,5.78,9370.3,311.8,923.3,900,102.127,1.5333333333333334,7.966666666666667,605.0,1.9633333333333334,67.16666666666667,102.896
2000-04-01,356188,1192,14128.141,1275,1307.0,271,299,4.4,64.7,212018,101.6981605,8.1525,6.17,9418.3,347.8,900.6,841,102.922,1.5,8.0,606.0,1.97,67.2,103.67433333333334
2000-05-01,349907,1182,15639.629,1230,1334.0,265,302,4.4,64.4,212242,101.740194,8.515,6.17,9457.3,351.1,907.0,857,103.677,1.5333333333333334,8.066666666666666,607.6666666666666,2.01,67.36666666666667,104.37822222222222
2000-06-01,348133,1156,15316.961,1202,1190.0,262,308,4.8,64.5,212466,101.732697,8.288,6.65,9483.3,355.3,898.2,793,104.424,1.5666666666666667,8.133333333333333,609.3333333333334,2.05,67.53333333333333,105.08211111111112
2000-07-01,337374,1152,13207.171,1142,1187.0,251,300,4.1,64.2,212677,101.6782984,8.1475,6.86,9533.3,383.8,897.3,887,105.054,1.6,8.2,611.0,2.09,67.7,105.786
2000-08-01,337583,1173,14906.659,1231,1231.0,249,303,4.4,64.2,212916,101.5888958,8.0275,6.51,9591.5,389.9,906.4,848,105.767,1.6,8.066666666666666,612.0,2.1366666666666667,67.63333333333334,106.61555555555556
2000-09-01,339048,1189,12854.399,1195,1175.0,231,301,4.0,64.2,213163,101.4754871,7.912,6.52,9601.5,340.8,931.3,912,106.537,1.6,7.933333333333333,613.0,2.183333333333333,67.56666666666666,107.44511111111112
2000-10-01,344095,1224,13744.1,1235,1176.0,213,305,4.0,64.2,213405,101.3407527,7.795,6.6,9627.4,360.3,920.6,933,107.382,1.6,7.8,614.0,2.23,67.5,108.27466666666668
2000-11-01,347301,1208,12128.545,1212,1227.0,196,309,4.2,64.3,213540,101.1836476,7.745,6.61,9629.8,355.3,913.4,880,108.302,1.5666666666666667,7.933333333333333,616.0,2.2666666666666666,67.5,109.01133333333334
2000-12-01,344139,1180,10212.613,1226,1227.0,176,301,3.6,64.4,213736,101.0056505,7.382,6.6,9647.6,337.9,913.5,983,109.14,1.5333333333333334,8.066666666666666,618.0,2.3033333333333332,67.5,109.74800000000002
2001-01-01,348279,1251,11750.246,1275,1122.0,221,298,3.8,64.4,213888,100.8186916,7.0325,5.41,9697.4,379.4,916.5,936,109.846,1.5,8.2,620.0,2.34,67.5,110.48466666666668
2001-01-01,348279,1251,11750.246,1275,1122.0,167,298,3.8,64.4,213888,100.8186916,7.0325,5.41,9697.4,379.4,916.5,936,109.846,1.5,8.2,620.0,2.34,67.5,110.48466666666668
2001-02-01,353629,1242,11536.124,1280,1198.0,245,291,3.7,64.3,214110,100.6361831,7.05,5.57,9708.8,385.8,938.9,963,110.5,1.6,8.233333333333333,621.3333333333334,2.3633333333333333,67.56666666666666,111.05755555555557
2001-02-01,353629,1242,11536.124,1280,1198.0,180,291,3.7,64.3,214110,100.6361831,7.05,5.57,9708.8,385.8,938.9,963,110.5,1.6,8.233333333333333,621.3333333333334,2.3633333333333333,67.56666666666666,111.05755555555557
2001-03-01,350029,1232,15198.444,1218,1193.0,245,286,3.8,64.3,214305,100.4649786,6.952,5.59,9733.9,411.8,925.1,939,111.108,1.7,8.266666666666667,622.6666666666666,2.3866666666666667,67.63333333333334,111.63044444444444
2001-03-01,350029,1232,15198.444,1218,1193.0,182,286,3.8,64.3,214305,100.4649786,6.952,5.59,9733.9,411.8,925.1,939,111.108,1.7,8.266666666666667,622.6666666666666,2.3866666666666667,67.63333333333334,111.63044444444444
2001-04-01,361991,1259,15844.563,1311,1242.0,246,288,3.9,64.0,214525,100.2972813,7.0775,5.29,9705.0,394.2,908.3,909,111.651,1.8,8.3,624.0,2.41,67.7,112.20333333333332
2001-04-01,361991,1259,15844.563,1311,1242.0,188,288,3.9,64.0,214525,100.2972813,7.0775,5.29,9705.0,394.2,908.3,909,111.651,1.8,8.3,624.0,2.41,67.7,112.20333333333332
2001-05-01,360534,1240,16953.682,1285,1224.0,240,293,4.0,63.8,214732,100.1209299,7.145,4.61,9680.9,347.4,916.0,885,112.163,1.8333333333333333,8.333333333333334,628.0,2.336666666666667,67.83333333333333,112.85422222222222
2001-05-01,360534,1240,16953.682,1285,1224.0,191,293,4.0,63.8,214732,100.1209299,7.145,4.61,9680.9,347.4,916.0,885,112.163,1.8333333333333333,8.333333333333334,628.0,2.336666666666667,67.83333333333333,112.85422222222222
2001-06-01,365905,1252,16222.822,1295,1283.0,245,302,4.2,63.7,214950,99.92942894,7.16,4.14,9679.4,343.5,934.1,882,112.796,1.8666666666666667,8.366666666666667,632.0,2.263333333333333,67.96666666666667,113.5051111111111
2001-06-01,365905,1252,16222.822,1295,1283.0,200,302,4.2,63.7,214950,99.92942894,7.16,4.14,9679.4,343.5,934.1,882,112.796,1.8666666666666667,8.366666666666667,632.0,2.263333333333333,67.96666666666667,113.5051111111111
2001-07-01,366500,1235,15071.298,1298,1273.0,238,306,4.2,63.7,215180,99.73257891,7.1275,3.95,9820.7,439.9,925.0,880,113.491,1.9,8.4,636.0,2.19,68.1,114.156
2001-07-01,366500,1235,15071.298,1298,1273.0,196,306,4.2,63.7,215180,99.73257891,7.1275,3.95,9820.7,439.9,925.0,880,113.491,1.9,8.4,636.0,2.19,68.1,114.156
2001-08-01,369000,1241,15803.327,1286,1281.0,234,310,4.4,63.2,215420,99.54789353,6.95,3.79,9982.1,529.7,942.5,866,114.166,1.8666666666666667,8.533333333333333,638.0,2.2133333333333334,68.06666666666666,114.72800000000001
2001-08-01,369000,1241,15803.327,1286,1281.0,199,310,4.4,63.2,215420,99.54789353,6.95,3.79,9982.1,529.7,942.5,866,114.166,1.8666666666666667,8.533333333333333,638.0,2.2133333333333334,68.06666666666666,114.72800000000001
2001-09-01,368809,1192,12625.708,1243,1262.0,226,310,4.4,63.5,215665,99.39263745,6.8175,3.66,9896.5,551.5,904.1,853,114.811,1.8333333333333333,8.666666666666668,640.0,2.2366666666666664,68.03333333333333,115.3
2001-09-01,368809,1192,12625.708,1243,1262.0,203,310,4.4,63.5,215665,99.39263745,6.8175,3.66,9896.5,551.5,904.1,853,114.811,1.8333333333333333,8.666666666666668,640.0,2.2366666666666664,68.03333333333333,115.3
2001-10-01,370957,1185,14133.397,1240,1334.0,235,314,4.3,63.2,215903,99.27522739,6.6175,3.02,9722.4,237.9,1035.1,871,115.308,1.8,8.8,642.0,2.26,68.0,115.872
2001-10-01,370957,1185,14133.397,1240,1334.0,202,314,4.3,63.2,215903,99.27522739,6.6175,3.02,9722.4,237.9,1035.1,871,115.308,1.8,8.8,642.0,2.26,68.0,115.872
2001-11-01,375803,1229,12102.24,1244,1242.0,254,313,4.1,63.0,216117,99.19814233,6.658,2.61,9733.4,274.8,997.0,924,115.855,1.7666666666666666,8.9,643.0,2.2533333333333334,67.93333333333334,116.54511111111111
2001-11-01,375803,1229,12102.24,1244,1242.0,199,313,4.1,63.0,216117,99.19814233,6.658,2.61,9733.4,274.8,997.0,924,115.855,1.7666666666666666,8.9,643.0,2.2533333333333334,67.93333333333334,116.54511111111111
2001-12-01,376279,1251,10981.142,1285,1351.0,253,310,3.8,62.9,216315,99.15813617,7.065,2.06,9750.3,298.0,955.6,979,116.453,1.7333333333333334,9.0,644.0,2.2466666666666666,67.86666666666666,117.21822222222221
2001-12-01,376279,1251,10981.142,1285,1351.0,199,310,3.8,62.9,216315,99.15813617,7.065,2.06,9750.3,298.0,955.6,979,116.453,1.7333333333333334,9.0,644.0,2.2466666666666666,67.86666666666666,117.21822222222221
2002-01-01,377631,1285,12240.622,1318,1324.0,194,313,4.2,62.7,216506,99.14357495,6.9975,1.52,9951.9,451.1,970.7,880,117.143,1.7,9.1,645.0,2.24,67.8,117.89133333333332
2002-02-01,385745,1401,13129.482,1501,1370.0,186,309,4.0,63.0,216663,99.14002114,6.8925,1.77,9966.6,437.5,983.2,948,117.844,1.7,8.866666666666667,644.3333333333334,2.2133333333333334,67.73333333333333,118.83288888888887
2002-03-01,385406,1289,15498.109,1292,1324.0,171,307,4.1,62.8,216823,99.13397384,7.014,1.78,9973.3,448.6,974.9,923,118.687,1.7,8.633333333333333,643.6666666666666,2.186666666666667,67.66666666666666,119.77444444444444
2002-04-01,398990,1285,17667.504,1277,1258.0,176,320,4.3,62.7,217006,99.11582146,6.985,1.88,10007.2,440.7,1001.5,936,119.611,1.7,8.4,643.0,2.16,67.6,120.716
2002-05-01,394223,1289,18044.588,1402,1359.0,173,327,4.0,62.9,217198,99.07890056,6.806,1.88,10047.9,504.4,962.7,978,120.724,1.7,8.6,644.0,2.14,67.73333333333333,121.755
2002-06-01,401920,1314,16779.971,1368,1281.0,171,328,4.2,62.7,217407,99.01941785,6.65,1.79,10078.5,507.4,968.0,957,121.813,1.7,8.8,645.0,2.12,67.86666666666666,122.794
2002-07-01,404632,1307,17360.68,1323,1275.0,169,333,4.2,62.7,217630,98.9376975,6.485,1.83,10053.5,441.7,1001.6,956,122.888,1.7,9.0,646.0,2.1,68.0,123.833
2002-08-01,398875,1317,16967.476,1247,1339.0,166,333,4.0,62.7,217866,98.83690872,6.29,1.79,10056.6,435.9,1019.7,1014,123.831,1.7,9.1,647.6666666666666,2.066666666666667,68.1,124.78033333333333
2002-09-01,394820,1366,15593.847,1446,1331.0,162,332,3.9,63.0,218107,98.72337383,6.0925,1.81,10068.3,482.0,983.9,1044,124.78,1.7,9.200000000000001,649.3333333333334,2.033333333333333,68.2,125.72766666666666
2002-10-01,397077,1382,17707.266,1352,1286.0,156,342,4.0,62.7,218340,98.60822309,6.1125,1.85,10097.3,474.3,969.9,1006,125.734,1.7,9.3,651.0,2.0,68.3,126.675
2002-11-01,401424,1382,14042.989,1394,1401.0,150,342,4.0,62.5,218548,98.50461942,6.068,1.74,10124.3,476.6,978.5,1024,126.669,1.7,9.333333333333334,653.6666666666666,1.99,68.2,127.55711111111111
2002-12-01,411758,1409,13662.534,1439,1349.0,144,344,4.0,62.4,218741,98.42513545,6.0475,1.23,10148.6,449.6,1009.9,1048,127.622,1.7,9.366666666666667,656.3333333333334,1.98,68.1,128.4392222222222
2003-01-01,417788,1416,14285.504,1537,1317.0,141,347,4.0,62.5,219897,98.37833657,5.916,1.16,10133.6,442.9,982.6,999,128.461,1.7,9.4,659.0,1.97,68.0,129.32133333333334
2003-02-01,417500,1357,13534.72,1301,1342.0,138,339,4.5,62.5,220114,98.37120669,5.8425,1.33,10097.6,439.1,956.4,936,129.355,1.7,9.466666666666667,659.0,1.9233333333333333,68.0,130.13288888888889
2003-03-01,413303,1359,17078.276,1399,1305.0,128,330,4.1,62.4,220317,98.40918725,5.745,1.33,10121.5,415.9,984.6,999,130.148,1.7,9.533333333333333,659.0,1.8766666666666667,68.0,130.94444444444446
2003-04-01,420510,1391,19579.625,1374,1350.0,131,339,4.1,62.4,220540,98.49332542,5.8125,1.29,10181.4,426.5,1003.9,1012,130.884,1.7,9.6,659.0,1.83,68.0,131.756
2003-05-01,421143,1389,19287.331,1391,1390.0,130,341,3.9,62.3,220768,98.62154527,5.484,1.3,10261.2,465.7,1005.7,1078,131.735,1.7666666666666666,9.7,660.0,1.7966666666666666,68.13333333333334,132.84155555555554
2003-06-01,430929,1461,20197.518,1513,1354.0,131,342,3.5,62.3,221014,98.78650815,5.23,1.28,10291.2,449.2,1013.9,1193,132.649,1.8333333333333333,9.8,661.0,1.7633333333333334,68.26666666666667,133.92711111111112
2003-07-01,448917,1478,20343.839,1535,1424.0,137,342,3.6,62.1,221252,98.97018537,5.6325,1.11,10415.5,521.3,1024.9,1168,133.776,1.9,9.9,662.0,1.73,68.4,135.01266666666666
2003-08-01,453031,1521,19545.542,1484,1329.0,129,342,3.5,62.1,221507,99.15104312,6.264,1.0,10487.7,513.3,1059.3,1206,134.968,1.8666666666666667,10.0,663.6666666666666,1.7433333333333334,68.46666666666667,136.28688888888888
2003-09-01,458676,1533,19497.695,1555,1413.0,128,350,3.8,62.0,221779,99.30983518,6.1475,1.01,10369.1,439.1,1041.1,1131,136.29399999999998,1.8333333333333333,10.1,665.3333333333334,1.7566666666666666,68.53333333333333,137.5611111111111
2003-10-01,469855,1566,20890.421,1631,1479.0,126,368,3.8,62.1,222039,99.43556737,5.952,1.11,10408.4,453.3,1036.2,1144,137.532,1.8,10.2,667.0,1.77,68.6,138.83533333333332
2003-11-01,485245,1513,15146.646,1694,1439.0,125,367,4.1,62.3,222279,99.52336745,5.9325,1.03,10470.9,459.3,1053.5,1093,138.79399999999998,1.7666666666666666,10.266666666666666,670.0,1.73,68.6,140.32322222222223
2003-12-01,503356,1549,16960.106,1647,1434.0,126,377,4.0,62.2,222509,99.5746348,5.876,1.03,10479.0,454.4,1051.5,1129,140.18,1.7333333333333334,10.333333333333334,673.0,1.69,68.6,141.8111111111111
2004-01-01,498640,1539,15790.964,1560,1434.0,122,376,3.8,62.3,222161,99.59982578,5.7125,0.94,10472.7,425.4,1048.1,1165,141.64600000000002,1.7,10.4,676.0,1.65,68.6,143.299
2004-02-01,500439,1564,16635.291,1481,1447.0,123,366,3.7,62.3,222357,99.61250892,5.635,1.03,10491.3,426.3,1065.2,1159,143.192,1.7,10.333333333333334,678.6666666666666,1.6333333333333333,68.8,144.93566666666666
2004-03-01,506879,1648,23804.718,1632,1491.0,133,375,3.6,62.2,222550,99.62529023,5.445,1.04,10533.6,418.7,1079.4,1276,145.059,1.7,10.266666666666666,681.3333333333334,1.6166666666666667,69.0,146.57233333333335
2004-04-01,512400,1617,24287.569,1646,1645.0,129,382,4.0,62.3,222757,99.64667154,5.83,1.03,10569.6,452.4,1062.8,1186,146.592,1.7,10.2,684.0,1.6,69.2,148.209
2004-05-01,522534,1675,23402.266,1652,1505.0,129,379,3.8,62.3,222967,99.68209524,6.27,1.03,10623.3,454.8,1091.5,1241,148.185,1.7,10.166666666666666,683.0,1.5866666666666667,69.13333333333334,149.71155555555555
2004-06-01,527794,1615,25019.529,1526,1521.0,129,385,3.9,62.4,223196,99.73439365,6.2875,1.02,10631.8,504.3,1043.6,1180,149.85,1.7,10.133333333333333,682.0,1.5733333333333335,69.06666666666666,151.21411111111112
2004-07-01,543260,1620,23150.419,1675,1546.0,129,397,4.5,62.5,223422,99.80325341,6.056,1.4,10658.1,453.2,1076.9,1088,151.338,1.7,10.1,681.0,1.56,69.0,152.71666666666667
2004-08-01,551447,1609,23354.39,1691,1554.0,127,404,4.3,62.4,223677,99.88684745,5.8675,1.29,10693.5,450.6,1079.0,1175,152.63299999999998,1.7333333333333334,10.066666666666666,684.6666666666666,1.51,69.06666666666666,154.32311111111113
2004-09-01,546306,1586,21504.316,1555,1533.0,134,413,4.1,62.3,223941,99.98230598,5.754,1.53,10701.4,402.3,1099.3,1214,154.179,1.7666666666666666,10.033333333333333,688.3333333333334,1.46,69.13333333333334,155.92955555555557
2004-10-01,551137,1593,20826.62,1660,1539.0,136,414,3.9,62.3,224192,100.085166,5.7225,1.86,10707.4,387.9,1098.6,1305,155.751,1.8,10.0,692.0,1.41,69.2,157.53600000000003
2004-11-01,550392,1572,18845.254,1458,1464.0,135,423,4.3,62.5,224422,100.1898009,5.73,1.83,10677.3,345.5,1099.9,1179,157.52700000000002,1.8,10.033333333333333,693.3333333333334,1.4133333333333333,69.16666666666667,159.51777777777778
2004-12-01,566284,1613,18609.691,1714,1655.0,133,431,4.1,62.4,224640,100.2893711,5.752,2.04,11072.9,623.8,1122.6,1242,159.33,1.8,10.066666666666666,694.6666666666666,1.4166666666666665,69.13333333333333,161.49955555555556
2005-01-01,575650,1654,17498.528,1739,1589.0,149,441,4.4,62.4,224837,100.3757114,5.71,1.97,10670.3,296.2,1096.4,1203,161.28799999999998,1.8,10.1,696.0,1.42,69.1,163.4813333333333
2005-02-01,588435,1630,19065.434,1792,1608.0,138,439,4.3,62.4,225041,100.4416474,5.6275,2.4,10677.1,263.6,1113.2,1319,163.344,1.8,10.0,693.3333333333334,1.4633333333333334,68.93333333333332,165.43666666666664
2005-03-01,591580,1580,24918.6,1583,1524.0,126,441,4.1,62.4,225236,100.4843456,5.928,2.39,10717.4,285.7,1120.2,1328,165.812,1.8,9.9,690.6666666666666,1.5066666666666666,68.76666666666667,167.392
2005-04-01,598335,1654,25550.977,1658,1626.0,131,441,4.3,62.7,225441,100.5102067,5.855,2.83,10751.9,252.0,1142.8,1260,167.50099999999998,1.8,9.8,688.0,1.55,68.6,169.34733333333332
2005-05-01,603707,1644,26087.399,1714,1750.0,127,448,4.2,62.8,225670,100.5292148,5.72,2.97,10799.8,302.0,1116.4,1286,169.351,1.8333333333333333,9.833333333333334,691.0,1.5633333333333335,68.66666666666666,171.09122222222223
2005-06-01,616958,1683,28099.586,1719,1679.0,128,458,4.3,62.7,225911,100.5506252,5.582,3.02,10824.4,242.9,1154.6,1274,171.19,1.8666666666666667,9.866666666666667,694.0,1.5766666666666667,68.73333333333333,172.83511111111113
2005-07-01,628750,1722,24554.78,1724,1639.0,128,459,4.2,62.8,226153,100.579304,5.695,3.36,10839.0,193.4,1202.2,1389,172.86,1.9,9.9,697.0,1.59,68.8,174.57900000000004
2005-08-01,633710,1716,27296.494,1728,1649.0,124,477,4.5,62.9,226421,100.6181143,5.82,3.3,10856.6,248.7,1139.5,1255,174.44,1.9333333333333333,9.8,699.3333333333334,1.6066666666666667,68.86666666666666,176.23244444444447
2005-09-01,647374,1798,26248.087,1789,1631.0,136,491,4.7,62.8,226693,100.6699326,5.774,3.57,10815.7,252.2,1113.8,1244,176.437,1.9666666666666666,9.7,701.6666666666666,1.6233333333333333,68.93333333333334,177.88588888888887
2005-10-01,658590,1742,23992.581,1740,1618.0,194,492,4.5,62.8,226959,100.739098,6.065,3.93,10870.2,274.5,1099.6,1336,178.02700000000002,2.0,9.6,704.0,1.64,69.0,179.5393333333333
2005-11-01,665376,1730,21554.379,1808,1633.0,210,508,5.0,62.7,227204,100.8278363,6.33,3.99,10937.8,304.5,1116.4,1214,179.68099999999998,2.033333333333333,9.566666666666666,706.6666666666666,1.63,68.83333333333333,180.80077777777777
2005-12-01,670522,1661,19645.555,1628,1662.0,183,515,4.9,62.8,227425,100.9316062,6.272,4.03,10976.2,300.1,1128.2,1239,180.91,2.066666666666667,9.533333333333333,709.3333333333334,1.62,68.66666666666667,182.0622222222222
2006-01-01,675679,1689,19764.781,1823,1663.0,163,525,5.3,62.9,227553,101.0331896,6.145,4.09,11096.7,363.2,1167.9,1174,182.32,2.1,9.5,712.0,1.61,68.5,183.32366666666667
2006-02-01,678562,1643,20158.568,1804,1742.0,146,533,6.1,63.0,227763,101.1116998,6.2525,4.47,11151.4,388.5,1143.5,1061,183.287,2.1333333333333333,9.533333333333333,709.6666666666666,1.6133333333333335,68.56666666666666,183.54822222222222
2006-03-01,668311,1551,25595.923,1601,1911.0,135,550,5.9,63.1,227975,101.1519593,6.324,4.52,11195.7,408.1,1151.0,1116,184.364,2.166666666666667,9.566666666666666,707.3333333333334,1.6166666666666667,68.63333333333334,183.77277777777778
2006-04-01,650388,1496,23189.992,1511,1737.0,126,558,6.3,63.0,228199,101.1557195,6.5075,5.0,11190.3,382.1,1151.0,1123,184.329,2.2,9.6,705.0,1.62,68.7,183.99733333333333
2006-05-01,633815,1450,25448.724,1570,1609.0,122,563,6.2,63.1,228428,101.1337728,6.5975,4.84,11182.7,362.4,1147.2,1086,184.156,2.3000000000000003,9.7,712.0,1.6600000000000001,68.8,183.60477777777777
2006-06-01,615053,1393,24808.987,1451,1742.0,116,570,6.3,63.1,228671,101.1008609,6.682,5.02,11198.2,372.3,1149.5,1074,183.507,2.4,9.8,719.0,1.7,68.9,183.21222222222224
2006-07-01,598487,1307,19924.149,1424,1654.0,110,568,7.3,63.0,228912,101.0726688,6.7625,5.05,11196.3,315.8,1168.7,965,183.067,2.5,9.9,726.0,1.74,69.0,182.81966666666668
2006-08-01,584460,1282,21746.27,1364,1614.0,108,570,6.7,63.1,229167,101.061965,6.524,5.27,11189.6,336.7,1146.0,1035,182.593,2.566666666666667,9.866666666666667,726.0,1.8,68.96666666666667,183.09666666666666
2006-09-01,573878,1218,17880.864,1384,1675.0,102,561,6.7,63.1,229420,101.074679,6.4025,5.25,11252.3,327.3,1166.9,1016,182.799,2.6333333333333333,9.833333333333334,726.0,1.8599999999999999,68.93333333333334,183.37366666666668
2006-10-01,561444,1175,17766.598,1212,1559.0,98,558,7.3,63.3,229675,101.1049691,6.3575,5.34,11306.0,327.7,1168.3,941,183.2,2.7,9.8,726.0,1.92,68.9,183.65066666666667
2006-11-01,548971,1163,15300.49,1290,1525.0,97,548,6.6,63.3,229905,101.142853,6.24,5.23,11353.1,364.1,1164.4,1003,183.611,2.7333333333333334,9.9,728.3333333333334,1.9733333333333334,68.73333333333333,183.9078888888889
2006-12-01,545011,1198,13987.943,1249,1509.0,97,537,6.5,63.4,230108,101.1807841,6.135,5.27,11406.8,355.6,1175.5,998,184.141,2.7666666666666666,10.0,730.6666666666666,2.026666666666667,68.56666666666668,184.1651111111111
2007-01-01,537571,1174,14542.139,1130,1501.0,97,539,7.2,63.3,230650,101.2199144,6.2175,5.17,11403.7,332.9,1183.5,891,184.518,2.8,10.1,733.0,2.08,68.4,184.4223333333333
2007-02-01,531641,1136,14309.248,1189,1318.0,97,540,7.9,63.3,230834,101.2655829,6.285,5.29,11439.6,372.9,1175.1,828,184.599,2.7333333333333334,9.9,733.6666666666666,2.15,68.33333333333334,183.48888888888888
2007-03-01,527865,1147,18519.259,1202,1312.0,98,542,7.9,63.3,231034,101.322957,6.156,5.31,11475.0,402.2,1178.5,833,184.15,2.6666666666666665,9.7,734.3333333333334,2.22,68.26666666666667,182.55544444444445
2007-04-01,523666,1058,18152.04,1197,1276.0,98,542,7.4,63.0,231253,101.3924384,6.18,5.3,11490.1,397.2,1181.2,887,183.011,2.6,9.5,735.0,2.29,68.2,181.622
2007-05-01,514131,1042,19601.841,1130,1278.0,97,544,7.8,63.0,231480,101.4714696,6.262,5.26,11495.5,381.6,1197.7,842,181.601,2.6333333333333333,9.6,738.3333333333334,2.43,68.2,180.502
2007-06-01,505936,995,18110.196,1131,1220.0,98,543,8.2,63.0,231713,101.5556934,6.6575,5.23,11488.4,370.1,1178.2,793,180.254,2.666666666666667,9.700000000000001,741.6666666666666,2.57,68.2,179.38200000000003
2007-07-01,495976,978,16978.868,1042,1208.0,96,538,8.3,62.9,231958,101.639649,6.695,5.31,11500.4,356.7,1180.7,778,179.111,2.7,9.8,745.0,2.71,68.2,178.26200000000003
2007-08-01,480974,916,16357.988,957,1241.0,94,538,9.2,62.7,232211,101.7166642,6.572,5.3,11506.2,322.6,1192.4,699,178.11700000000002,2.7333333333333334,9.733333333333334,743.6666666666666,2.84,68.06666666666666,177.29822222222225
2007-09-01,465709,855,12705.234,935,1085.0,93,527,9.2,62.9,232461,101.7789842,6.3825,4.96,11527.1,333.6,1202.6,686,177.558,2.7666666666666666,9.666666666666666,742.3333333333334,2.97,67.93333333333334,176.33444444444447
2007-10-01,447819,821,13593.037,878,1138.0,94,518,8.5,62.7,232715,101.8186172,6.375,4.92,11523.6,323.6,1209.0,727,176.62400000000002,2.8,9.6,741.0,3.1,67.8,175.3706666666667
2007-11-01,431878,795,10465.966,833,1128.0,93,508,9.4,62.9,232939,101.8296705,6.208,4.59,11512.3,296.5,1197.7,641,175.14700000000002,2.833333333333333,9.766666666666666,746.3333333333334,3.2933333333333334,67.8,174.1058888888889
2007-12-01,416486,742,8674.983,805,1031.0,92,496,9.6,62.7,233156,101.8125098,6.095,4.66,11552.1,342.1,1180.0,619,174.34099999999998,2.8666666666666667,9.933333333333334,751.6666666666666,3.486666666666667,67.8,172.84111111111113
2008-01-01,402138,708,9127.794,773,1004.0,95,488,9.3,62.9,232616,101.7801281,5.758,3.06,11553.4,348.5,1168.4,627,173.13299999999998,2.9,10.1,757.0,3.68,67.8,171.57633333333334
2008-02-01,386197,664,9088.129,724,930.0,99,475,9.7,62.8,232809,101.7459877,5.9175,3.12,11547.6,385.0,1148.4,593,171.542,2.8666666666666667,10.066666666666666,758.0,3.9066666666666667,67.89999999999999,169.94111111111113
2008-03-01,390471,642,10332.075,728,904.0,93,465,10.5,62.7,232995,101.7131528,5.97,3.01,11545.3,367.3,1143.7,535,170.054,2.833333333333333,10.033333333333333,759.0,4.133333333333334,68.0,168.3058888888889
2008-04-01,385328,661,12056.982,682,795.0,92,458,10.3,62.7,233198,101.6637462,5.9175,2.38,11500.7,312.0,1139.1,536,168.33700000000002,2.8,10.0,760.0,4.36,68.1,166.67066666666668
2008-05-01,381911,633,11691.127,679,879.0,87,451,10.7,62.5,233405,101.5685155,6.036,2.16,12060.9,826.4,1143.7,504,166.658,2.8,9.966666666666667,761.0,4.666666666666667,68.03333333333333,165.0987777777778
2008-06-01,374495,605,11380.571,647,850.0,84,435,10.7,62.4,233627,101.3977696,6.32,1.98,11755.3,564.2,1130.4,487,165.017,2.8,9.933333333333334,762.0,4.973333333333334,67.96666666666667,163.5268888888889
2008-07-01,364873,571,10535.678,615,831.0,82,421,10.5,62.2,233864,101.1357193,6.426,2.11,11574.0,445.0,1100.0,477,163.567,2.8,9.9,763.0,5.28,67.9,161.955
2008-08-01,352598,543,9228.574,607,712.0,79,411,11.3,62.0,234107,100.7779173,6.4775,2.04,11506.9,381.3,1114.3,435,161.989,2.833333333333333,9.966666666666667,763.3333333333334,5.713333333333334,67.76666666666667,159.9798888888889
2008-09-01,340396,529,8606.766,537,820.0,75,398,10.9,61.9,234360,100.3351772,6.0375,1.94,11531.5,472.7,1073.2,433,160.309,2.8666666666666667,10.033333333333333,763.6666666666666,6.1466666666666665,67.63333333333334,158.00477777777778
2008-10-01,329304,469,7840.813,542,749.0,69,384,11.6,61.7,234612,99.8440816,6.2,1.15,11616.7,576.0,1026.6,393,158.329,2.9,10.1,764.0,6.58,67.5,156.02966666666666
2008-11-01,312540,420,5029.77,459,754.0,66,369,11.4,61.4,234828,99.35015647,6.0875,0.22,11713.8,693.2,1002.4,389,156.142,2.8333333333333335,10.1,766.6666666666666,7.056666666666667,67.43333333333334,154.0392222222222
2008-12-01,293997,364,4693.573,403,686.0,62,352,11.2,61.0,235035,98.89496789,5.286,0.52,11655.4,668.7,995.0,377,153.618,2.7666666666666666,10.1,769.3333333333334,7.533333333333333,67.36666666666666,152.04877777777776
2009-01-01,283870,337,4187.117,358,566.0,57,340,12.2,60.6,234739,98.50395648,5.0475,0.14,11718.0,676.6,1023.0,336,151.504,2.7,10.1,772.0,8.01,67.3,150.0583333333333
2009-02-01,267938,377,4738.96,358,535.0,54,324,10.5,60.3,234913,98.19281481,5.13,0.23,11598.7,605.9,1006.2,372,150.012,2.6333333333333333,10.266666666666666,771.3333333333334,8.2,67.33333333333333,149.34277777777777
2009-03-01,254645,361,5977.198,353,545.0,50,311,11.0,59.9,235086,97.96914653,5.0025,0.22,11593.4,639.4,984.2,339,148.659,2.566666666666667,10.433333333333334,770.6666666666666,8.39,67.36666666666667,148.6272222222222
2009-04-01,243958,391,6901.647,387,532.0,48,300,10.7,59.8,235271,97.82830426,4.81,0.16,11660.2,718.7,978.8,337,147.94899999999998,2.5,10.6,770.0,8.58,67.4,147.91166666666666
2009-05-01,237188,431,7144.958,408,492.0,48,290,9.3,59.6,235452,97.76251377,4.8575,0.22,11826.7,868.3,998.9,376,147.696,2.533333333333333,10.766666666666666,771.3333333333334,8.876666666666667,67.46666666666667,148.01977777777776
2009-06-01,237343,458,8646.175,482,507.0,46,282,8.5,59.4,235655,97.76386837,5.42,0.21,11610.9,672.5,1006.4,393,148.09,2.566666666666667,10.933333333333334,772.6666666666666,9.173333333333334,67.53333333333333,148.1278888888889
2009-07-01,244141,489,8468.407,509,500.0,50,272,7.9,59.3,235870,97.82185266,5.222,0.2,11560.4,593.9,1020.8,411,148.409,2.6,11.1,774.0,9.47,67.6,148.236
2009-08-01,250768,491,7842.056,487,517.0,48,263,7.5,59.1,236087,97.92629747,5.1925,0.18,11538.6,485.5,1089.1,418,148.276,2.6333333333333333,10.966666666666667,776.0,9.776666666666667,67.46666666666667,148.14733333333334
2009-09-01,254135,477,7776.282,510,481.0,48,254,7.8,58.7,236322,98.0661739,5.0575,0.15,11573.1,607.4,995.4,386,148.023,2.666666666666667,10.833333333333332,778.0,10.083333333333334,67.33333333333333,148.05866666666665
2009-10-01,254942,472,7270.502,476,526.0,49,243,7.4,58.5,236550,98.22493105,4.952,0.11,11538.1,566.9,1003.6,396,147.84799999999998,2.7,10.7,780.0,10.39,67.2,147.97
2009-11-01,255941,483,6156.314,497,567.0,51,235,7.6,58.6,236743,98.38695968,4.875,0.11,11571.0,619.7,1017.4,375,148.13299999999998,2.666666666666667,10.666666666666666,782.3333333333334,10.76,67.16666666666667,147.41188888888888
2009-12-01,255801,508,6537.718,484,493.0,51,232,8.0,58.3,236924,98.54261623,4.93,0.13,11630.0,621.2,1021.6,352,147.929,2.6333333333333333,10.633333333333333,784.6666666666666,11.13,67.13333333333333,146.8537777777778
2010-01-01,254826,504,5932.835,510,448.0,51,231,8.1,58.5,236832,98.69291357,5.03,0.05,11644.6,653.0,1006.1,345,147.395,2.6,10.6,787.0,11.5,67.1,146.29566666666668
2010-02-01,255121,510,6537.698,526,456.0,53,229,8.3,58.5,236998,98.84359466,4.99,0.14,11655.6,625.6,1005.2,336,145.632,2.566666666666667,10.6,782.6666666666666,11.36,67.03333333333333,146.25366666666667
2010-03-01,253924,536,9472.764,542,491.0,54,227,7.1,58.5,237159,98.99939114,4.9675,0.14,11702.1,624.2,1052.0,381,145.86,2.533333333333333,10.6,778.3333333333334,11.22,66.96666666666667,146.21166666666667
2010-04-01,254574,476,8591.019,566,556.0,54,216,6.2,58.7,237329,99.15805463,5.098,0.17,11799.8,702.0,1046.0,422,146.401,2.5,10.6,774.0,11.08,66.9,146.16966666666667
2010-05-01,252896,435,7685.273,457,518.0,56,215,9.3,58.6,237499,99.31310928,4.8875,0.2,11887.9,762.1,1041.7,280,146.391,2.5,10.5,776.0,10.933333333333334,66.9,145.437
2010-06-01,250518,425,8307.516,445,684.0,55,213,8.3,58.5,237690,99.45624327,4.7375,0.2,11895.0,742.0,1044.1,305,145.717,2.5,10.4,778.0,10.786666666666667,66.9,144.70433333333332
2010-07-01,244354,411,7368.485,426,470.0,51,210,8.9,58.5,237890,99.57980595,4.564,0.17,11910.8,731.3,1047.5,283,144.988,2.5,10.3,780.0,10.64,66.9,143.97166666666666
2010-08-01,238695,402,7319.72,417,473.0,50,209,8.8,58.6,238099,99.67632416,4.4275,0.18,11949.7,748.0,1053.7,282,143.912,2.566666666666667,10.0,782.6666666666666,10.536666666666667,66.76666666666667,143.39833333333334
2010-09-01,237834,404,6896.982,449,484.0,47,204,7.6,58.5,238322,99.73925454,4.346,0.19,11949.4,742.1,1056.1,317,143.015,2.6333333333333333,9.700000000000001,785.3333333333334,10.433333333333334,66.63333333333334,142.82500000000002
2010-10-01,236512,408,6389.857,438,479.0,44,199,8.2,58.3,238530,99.76550714,4.225,0.2,11950.4,718.1,1079.2,291,142.525,2.7,9.4,788.0,10.33,66.5,142.2516666666667
2010-11-01,237468,418,6055.982,452,432.0,44,195,8.2,58.2,238715,99.75526728,4.3,0.2,11960.5,703.7,1077.5,287,142.16899999999998,2.666666666666667,9.5,789.0,10.343333333333334,66.46666666666667,141.7087777777778
2010-12-01,239030,447,6259.085,429,454.0,40,188,7.0,58.3,238889,99.71425982,4.714,0.2,12030.1,759.6,1078.7,326,142.061,2.6333333333333333,9.6,790.0,10.356666666666666,66.43333333333334,141.1658888888889
2011-01-01,240548,420,5536.166,430,423.0,44,185,7.3,58.3,238704,99.65842896,4.755,0.13,12084.4,807.3,1085.0,307,141.526,2.6,9.7,791.0,10.37,66.4,140.62300000000002
2011-02-01,240062,379,5417.836,391,481.0,44,181,8.0,58.4,238851,99.60554247,4.9525,0.18,12117.0,846.5,1083.8,270,140.356,2.566666666666667,9.533333333333333,792.0,10.43,66.23333333333333,140.39033333333333
2011-03-01,241586,399,7728.053,429,368.0,46,179,7.1,58.4,239000,99.56774925,4.836,0.15,12083.3,780.5,1095.0,300,139.987,2.533333333333333,9.366666666666665,793.0,10.49,66.06666666666668,140.15766666666667
2011-04-01,244598,403,7620.749,415,433.0,47,172,6.7,58.4,239146,99.54381729,4.84,0.11,12061.3,773.5,1090.9,310,140.011,2.5,9.2,794.0,10.55,65.9,139.92499999999998
2011-05-01,245449,411,8032.763,414,443.0,49,168,6.6,58.3,239313,99.52840508,4.6375,0.09,12043.2,772.8,1081.2,305,139.904,2.466666666666667,9.4,795.3333333333334,10.533333333333333,66.03333333333333,139.69444444444443
2011-06-01,247520,413,8562.437,435,453.0,50,167,6.6,58.2,239489,99.52012722,4.51,0.1,12087.9,795.7,1076.6,301,139.86,2.433333333333333,9.6,796.6666666666666,10.516666666666667,66.16666666666667,139.4638888888889
2011-07-01,249770,416,7372.238,432,488.0,48,165,6.7,58.2,239671,99.52882313,4.545,0.08,12128.6,819.5,1085.7,296,139.727,2.4,9.8,798.0,10.5,66.3,139.23333333333335
2011-08-01,251877,428,8373.404,422,479.0,50,164,6.6,58.3,239871,99.56800655,4.27,0.17,12120.6,819.2,1085.2,299,139.306,2.3666666666666667,9.666666666666668,800.3333333333334,10.416666666666666,66.2,138.57600000000002
2011-09-01,250152,425,7483.411,418,426.0,56,163,6.3,58.4,240071,99.64596696,4.106,0.08,12104.0,782.7,1101.3,304,138.667,2.333333333333333,9.533333333333333,802.6666666666666,10.333333333333334,66.1,137.91866666666667
2011-10-01,252821,439,7107.131,439,438.0,63,159,6.1,58.4,240269,99.75449387,4.0675,0.06,12117.0,774.3,1114.4,316,137.954,2.3,9.4,805.0,10.25,66.0,137.26133333333334
2011-11-01,247279,449,6575.515,465,462.0,65,156,5.7,58.6,240441,99.87765024,3.9925,0.08,12112.6,792.9,1107.9,328,137.154,2.2666666666666666,9.200000000000001,808.3333333333334,10.276666666666667,65.8,137.17855555555556
2011-12-01,247983,458,6002.523,522,462.0,58,150,5.4,58.6,240584,99.99815426,3.958,0.08,12227.3,907.2,1114.9,341,136.67600000000002,2.2333333333333334,9.0,811.6666666666666,10.303333333333333,65.60000000000001,137.09577777777778
2012-01-01,251869,464,6208.492,518,392.0,59,148,6.3,58.4,242269,100.1025691,3.915,0.04,12311.1,953.0,1130.4,335,136.607,2.2,8.8,815.0,10.33,65.4,137.013
2012-02-01,247503,493,7207.096,466,421.0,58,146,4.9,58.5,242435,100.1807243,3.89,0.11,12384.8,959.1,1145.9,366,136.529,2.166666666666667,8.733333333333334,817.0,10.37,65.43333333333334,138.04644444444446
2012-03-01,252283,478,8945.187,472,434.0,57,144,4.3,58.5,242604,100.2261311,3.954,0.11,12431.1,1014.5,1138.0,354,137.903,2.1333333333333333,8.666666666666666,819.0,10.41,65.46666666666667,139.0798888888889
2012-04-01,258567,484,9364.083,504,494.0,55,143,4.2,58.4,242784,100.2381117,3.91,0.09,12486.5,1062.5,1137.4,354,139.155,2.1,8.6,821.0,10.45,65.5,140.11333333333334
2012-05-01,263797,499,10625.079,518,475.0,54,144,4.2,58.5,242966,100.2189799,3.798,0.16,12490.2,1066.9,1133.4,370,140.156,2.033333333333333,8.6,815.0,10.459999999999999,65.5,140.8367777777778
2012-06-01,269664,500,10314.448,524,482.0,54,145,4.2,58.6,243155,100.1734596,3.675,0.16,12482.6,1074.9,1129.9,360,141.029,1.9666666666666666,8.6,809.0,10.47,65.5,141.56022222222222
2012-07-01,273587,519,10255.567,517,474.0,54,142,4.3,58.5,243354,100.1101835,3.55,0.09,12396.5,967.8,1134.7,369,141.667,1.9,8.6,803.0,10.48,65.5,142.28366666666668
2012-08-01,279216,516,10812.527,536,492.0,54,145,4.7,58.4,243566,100.0393628,3.602,0.14,12364.4,935.0,1138.4,375,142.27700000000002,1.9,8.633333333333333,809.6666666666666,10.33,65.46666666666667,143.04311111111113
2012-09-01,286120,557,9429.282,594,512.0,53,146,4.8,58.7,243772,99.97162272,3.4975,0.13,12453.3,1009.3,1151.9,385,142.907,1.9,8.666666666666666,816.3333333333334,10.18,65.43333333333334,143.80255555555556
2012-10-01,294197,570,10656.201,611,525.0,53,149,5.2,58.8,243983,99.91728098,3.3825,0.15,12538.2,1096.1,1141.2,358,143.6,1.9,8.7,823.0,10.03,65.4,144.562
2012-11-01,296510,571,8899.257,569,513.0,54,150,5.4,58.7,244174,99.88401772,3.352,0.17,12702.9,1214.4,1169.4,392,144.585,1.9666666666666666,8.666666666666666,824.3333333333334,9.93,65.26666666666667,145.7728888888889
2012-12-01,299101,589,8040.498,615,525.0,56,148,5.3,58.7,244350,99.87348769,3.345,0.16,13011.6,1523.4,1180.1,399,145.501,2.033333333333333,8.633333333333333,825.6666666666666,9.83,65.13333333333334,146.9837777777778
2013-01-01,303792,590,8971.398,604,556.0,58,148,4.6,58.6,244663,99.87630375,3.414,0.09,12258.9,725.4,1192.6,446,146.835,2.1,8.6,827.0,9.73,65.0,148.19466666666668
2013-02-01,309078,612,9286.929,651,578.0,59,150,4.2,58.6,244828,99.88036729,3.5325,0.14,12224.9,698.3,1193.2,447,147.784,2.033333333333333,8.466666666666667,827.3333333333334,9.593333333333334,65.0,149.74855555555555
2013-03-01,312083,609,11392.273,624,604.0,57,152,3.7,58.5,244995,99.87808403,3.565,0.14,12262.1,729.1,1180.5,444,149.965,1.9666666666666666,8.333333333333332,827.6666666666666,9.456666666666667,65.0,151.30244444444443
2013-04-01,316537,623,13003.774,587,524.0,60,159,3.7,58.6,245175,99.8733491,3.445,0.16,12299.0,765.3,1182.3,441,151.52100000000002,1.9,8.2,828.0,9.32,65.0,152.8563333333333
2013-05-01,321706,624,13590.123,608,549.0,59,162,4.0,58.6,245363,99.87446934,3.536,0.14,12358.6,800.4,1187.1,428,152.85399999999998,1.9,8.233333333333333,825.3333333333334,9.1,65.1,154.21677777777776
2013-06-01,324770,628,12719.048,614,532.0,60,161,3.7,58.6,245552,99.8871666,4.07,0.09,12361.7,811.7,1186.9,470,154.194,1.9,8.266666666666667,822.6666666666666,8.88,65.2,155.57722222222222
2013-07-01,328388,615,13230.294,593,578.0,58,172,5.2,58.7,245756,99.90706621,4.37,0.1,12350.6,786.5,1190.8,375,155.606,1.9,8.3,820.0,8.66,65.3,156.93766666666667
2013-08-01,335690,631,12981.958,631,571.0,61,177,5.7,58.7,245959,99.92425819,4.456,0.08,12379.6,802.3,1187.7,381,156.97299999999998,1.9666666666666666,8.266666666666667,825.0,8.540000000000001,65.26666666666667,157.9938888888889
2013-09-01,339977,618,11443.071,577,577.0,62,185,5.9,58.7,246168,99.92721639,4.49,0.07,12431.5,819.0,1188.3,403,158.234,2.033333333333333,8.233333333333333,830.0,8.42,65.23333333333333,159.0501111111111
2013-10-01,346273,623,12546.734,595,604.0,62,187,5.2,58.3,246381,99.90680276,4.192,0.08,12395.1,752.2,1191.4,444,159.247,2.1,8.2,835.0,8.3,65.2,160.10633333333334
2013-11-01,353317,647,10003.325,699,601.0,62,185,5.8,58.6,246567,99.85969866,4.255,0.08,12426.2,738.2,1201.7,446,160.075,2.066666666666667,8.233333333333333,835.6666666666666,8.123333333333333,65.06666666666666,160.9121111111111
2013-12-01,360754,613,9373.933,647,560.0,61,186,6.0,58.7,246745,99.7933796,4.4575,0.07,12452.7,763.4,1190.4,433,160.997,2.033333333333333,8.266666666666667,836.3333333333334,7.946666666666666,64.93333333333334,161.7178888888889
2014-01-01,368359,621,9705.136,567,597.0,58,188,5.7,58.8,246915,99.73284431,4.432,0.07,12513.3,856.8,1173.9,443,161.94799999999998,2.0,8.3,837.0,7.77,64.8,162.52366666666666
2014-02-01,363860,614,9647.518,594,629.0,61,185,5.4,58.7,247085,99.70756811,4.3025,0.07,12579.5,855.6,1204.7,420,162.53,1.9666666666666666,8.033333333333333,835.0,7.656666666666666,64.76666666666667,162.91644444444444
2014-03-01,369329,622,12039.207,652,629.0,63,187,4.9,58.9,247258,99.73809186,4.3425,0.06,12648.6,868.9,1231.9,405,163.093,1.9333333333333333,7.766666666666667,833.0,7.543333333333333,64.73333333333333,163.30922222222222
2014-04-01,375347,622,13622.317,646,598.0,63,188,4.9,58.9,247439,99.82004306,4.3375,0.08,12699.0,901.5,1230.3,403,163.4,1.9,7.5,831.0,7.43,64.7,163.702
2014-05-01,376671,625,13884.179,652,622.0,64,191,4.4,58.9,247622,99.93648892,4.192,0.09,12745.0,930.0,1238.6,451,163.666,1.8666666666666667,7.466666666666667,833.6666666666666,7.306666666666667,64.60000000000001,164.21266666666668
2014-06-01,372569,648,14464.557,603,581.0,63,197,5.2,59.0,247814,100.0663701,4.1625,0.08,12797.2,940.0,1249.4,418,164.04,1.8333333333333333,7.433333333333334,836.3333333333334,7.183333333333333,64.5,164.72333333333333
2014-07-01,372572,643,13952.499,656,630.0,66,206,6.0,59.0,248023,100.1903608,4.13,0.1,12835.1,953.6,1248.4,402,164.574,1.8,7.4,839.0,7.06,64.4,165.234
2014-08-01,372893,644,12716.36,644,607.0,66,209,5.8,59.0,248229,100.2936555,4.115,0.09,12896.3,931.6,1258.6,456,165.21900000000002,1.8333333333333333,7.266666666666667,841.6666666666666,6.873333333333333,64.26666666666667,165.93855555555555
2014-09-01,382053,655,12729.21,664,642.0,66,213,5.8,59.1,248446,100.3691138,4.1625,0.07,12938.8,967.0,1259.8,470,165.90900000000002,1.8666666666666667,7.133333333333334,844.3333333333334,6.6866666666666665,64.13333333333334,166.64311111111112
2014-10-01,386299,651,13437.749,699,618.0,66,213,5.6,59.3,248657,100.4217889,4.036,0.09,12995.3,946.7,1263.7,476,166.646,1.9,7.0,847.0,6.5,64.0,167.34766666666667
2014-11-01,391521,661,10071.817,658,620.0,66,212,6.8,59.2,248844,100.4612369,3.9975,0.07,13062.8,980.4,1272.8,442,167.33900000000003,1.9,7.033333333333333,850.0,6.413333333333333,63.9,167.96655555555554
2014-12-01,401584,680,11129.015,720,660.0,67,212,6.1,59.3,249027,100.4953719,3.864,0.13,13150.5,1038.9,1272.7,497,168.058,1.9,7.066666666666666,853.0,6.326666666666667,63.800000000000004,168.58544444444445
2015-01-01,405105,667,10304.277,707,656.0,65,206,5.2,59.3,249723,100.5252223,3.67,0.06,13224.7,1078.7,1273.3,515,168.66299999999998,1.9,7.1,856.0,6.24,63.7,169.20433333333332
2015-02-01,410055,635,10539.305,586,605.0,65,201,4.4,59.2,249899,100.5473852,3.71,0.06,13271.8,1103.4,1276.7,540,169.138,1.8666666666666667,7.0,854.6666666666666,6.1000000000000005,63.6,169.76322222222223
2015-03-01,409845,657,13756.674,627,581.0,67,202,4.4,59.2,250080,100.556737,3.77,0.06,13233.7,1042.5,1301.4,480,169.812,1.8333333333333333,6.8999999999999995,853.3333333333334,5.96,63.5,170.3221111111111
2015-04-01,415034,675,15240.221,739,690.0,67,205,4.2,59.3,250266,100.5496431,3.672,0.12,13262.8,1039.3,1307.8,502,170.312,1.8,6.8,852.0,5.82,63.4,170.881
2015-05-01,422979,692,14836.476,705,641.0,69,207,4.4,59.4,250455,100.5234807,3.84,0.13,13284.7,1026.0,1311.3,502,170.894,1.8333333333333333,6.966666666666667,853.6666666666666,5.680000000000001,63.5,171.57833333333332
2015-06-01,433746,701,16678.109,698,633.0,68,216,4.9,59.4,250663,100.4773055,3.9825,0.12,13292.7,1017.7,1309.8,480,171.437,1.8666666666666667,7.133333333333333,855.3333333333334,5.54,63.6,172.27566666666667
2015-07-01,439819,698,15637.982,756,637.0,74,219,5.1,59.3,250876,100.4138484,4.046,0.13,13324.1,1002.3,1316.5,506,172.13099999999997,1.9,7.3,857.0,5.4,63.7,172.97299999999998
2015-08-01,439616,712,14525.265,735,660.0,74,220,5.3,59.4,251096,100.3378238,3.905,0.08,13354.9,1002.7,1322.5,518,172.94799999999998,1.9,7.2,862.0,5.303333333333334,63.733333333333334,173.88222222222223
2015-09-01,448021,711,14155.573,745,657.0,72,227,6.5,59.2,251325,100.255469,3.89,0.14,13392.0,1024.8,1316.6,456,173.84,1.9,7.1,867.0,5.206666666666667,63.766666666666666,174.79144444444447
2015-10-01,448256,724,14246.068,709,646.0,74,228,5.8,59.3,251541,100.174979,3.796,0.13,13419.8,1042.7,1308.8,482,174.80200000000002,1.9,7.0,872.0,5.11,63.8,175.7006666666667
2015-11-01,446990,736,11963.866,776,645.0,75,232,6.5,59.4,251747,100.1038707,3.9425,0.07,13417.7,1010.7,1323.0,504,175.747,1.8333333333333333,7.0,874.0,5.003333333333334,63.699999999999996,176.37400000000002
2015-12-01,452947,734,12102.756,769,710.0,76,235,6.2,59.6,251936,100.0462374,3.964,0.13,13482.0,1027.6,1323.7,546,176.553,1.7666666666666666,7.0,876.0,4.8966666666666665,63.6,177.04733333333337
2016-01-01,456427,733,10899.925,765,668.0,78,235,6.1,59.7,252397,99.99934914,3.8725,0.2,13531.6,1070.4,1320.2,505,177.30200000000002,1.7,7.0,878.0,4.79,63.5,177.7206666666667
2016-02-01,462338,737,12684.656,839,744.0,77,236,5.3,59.8,252577,99.95813682,3.66,0.38,13546.1,1005.9,1342.7,517,177.667,1.7,6.9,878.6666666666666,4.72,63.3,178.29344444444445
2016-03-01,469444,731,16009.956,756,718.0,79,240,4.8,59.8,252768,99.91886896,3.694,0.36,13547.2,1062.2,1323.3,532,178.19299999999998,1.7,6.8,879.3333333333334,4.65,63.1,178.86622222222223
2016-04-01,468579,743,16197.868,770,714.0,79,239,4.3,59.7,252969,99.88239382,3.605,0.37,13522.0,1005.1,1329.1,576,178.8,1.7,6.7,880.0,4.58,62.9,179.439
2016-05-01,469095,735,16723.349,737,716.0,79,238,4.5,59.7,253174,99.85157317,3.6,0.3,13515.1,976.1,1330.7,571,179.46,1.7333333333333334,6.733333333333333,882.0,4.513333333333334,63.1,180.243
2016-06-01,474679,743,17874.109,765,755.0,80,243,4.8,59.7,253397,99.8285249,3.568,0.37,13521.5,927.7,1347.9,557,180.05700000000002,1.7666666666666666,6.766666666666667,884.0,4.446666666666666,63.3,181.047
2016-07-01,477138,718,14966.636,775,744.0,75,236,4.4,59.8,253620,99.81146815,3.44,0.41,13567.1,958.1,1354.5,628,180.848,1.8,6.8,886.0,4.38,63.5,181.851
2016-08-01,481080,743,16896.429,721,744.0,80,242,5.3,59.8,253854,99.79698242,3.435,0.4,13578.9,962.8,1351.6,575,181.868,1.8,6.833333333333333,889.3333333333334,4.3,63.56666666666667,182.80966666666666
2016-09-01,482889,749,15142.073,780,727.0,83,248,5.6,59.7,254091,99.78181838,3.46,0.4,13608.3,962.8,1358.0,558,182.837,1.8,6.866666666666667,892.6666666666666,4.22,63.63333333333333,183.76833333333335
2016-10-01,496331,779,14978.213,871,762.0,84,250,5.5,59.7,254321,99.76451034,3.47,0.29,13627.7,987.9,1362.6,575,183.751,1.8,6.9,896.0,4.14,63.7,184.727
2016-11-01,504423,786,13629.972,825,779.0,87,252,6.3,59.7,254540,99.74502316,3.77,0.41,13657.8,996.5,1344.7,571,184.74,1.7666666666666666,6.933333333333334,900.0,4.0633333333333335,63.66666666666667,185.61111111111111
2016-12-01,512006,830,13445.147,822,771.0,94,257,6.5,59.7,254742,99.72455133,4.198,0.41,13685.3,938.5,1377.0,561,185.69,1.7333333333333334,6.966666666666667,904.0,3.986666666666667,63.63333333333333,186.4952222222222
2017-01-01,510854,806,12932.004,801,784.0,99,259,5.8,59.9,254082,99.70547476,4.15,0.55,13742.1,1000.4,1370.5,573,186.793,1.7,7.0,908.0,3.91,63.6,187.3793333333333
2017-02-01,531426,834,13987.122,881,764.0,93,259,5.1,60.0,254246,99.69094043,4.1675,0.66,13792.3,1046.9,1375.0,587,187.313,1.6333333333333333,7.1,908.3333333333334,3.8333333333333335,63.63333333333333,188.147
2017-03-01,526669,826,18266.674,825,803.0,89,263,4.3,60.2,254414,99.68435167,4.196,0.66,13851.3,1048.5,1366.5,632,188.032,1.5666666666666667,7.2,908.6666666666666,3.756666666666667,63.66666666666667,188.91466666666665
2017-04-01,533586,794,16951.497,826,774.0,89,262,4.6,60.2,254588,99.68854176,4.045,0.82,13869.6,1060.2,1374.4,598,188.818,1.5,7.3,909.0,3.68,63.7,189.68233333333333
2017-05-01,536756,779,19059.86,793,791.0,89,269,4.7,60.1,254767,99.70617936,4.01,0.91,13962.6,1147.6,1372.3,635,189.707,1.5333333333333334,7.366666666666666,909.0,3.666666666666667,63.766666666666666,190.678
2017-06-01,537034,811,19847.917,855,811.0,90,274,4.9,60.1,254957,99.73940755,3.904,0.91,13963.5,1108.0,1384.3,619,190.522,1.5666666666666667,7.433333333333334,909.0,3.6533333333333333,63.833333333333336,191.6736666666667
2017-07-01,542342,812,16710.279,843,844.0,83,275,5.8,60.2,255151,99.78852568,3.9675,1.06,13999.9,1127.1,1391.1,572,191.499,1.6,7.5,909.0,3.64,63.9,192.66933333333336
2017-08-01,542135,800,18434.621,874,739.0,91,284,6.4,60.1,255357,99.85279292,3.88,1.16,14015.8,1134.1,1384.8,556,192.723,1.6,7.3,906.6666666666666,3.6166666666666667,64.0,193.7448888888889
2017-09-01,544226,823,16138.128,836,780.0,92,285,5.7,60.4,255562,99.93009235,3.805,1.16,14030.9,1091.8,1417.3,637,193.786,1.6,7.1000000000000005,904.3333333333334,3.5933333333333333,64.1,194.82044444444443
2017-10-01,537894,850,17208.938,884,801.0,98,289,5.9,60.1,255766,100.0155094,3.895,1.06,14062.7,1113.0,1425.5,626,194.778,1.6,6.9,902.0,3.57,64.2,195.896
2017-11-01,561466,865,15039.067,951,794.0,100,292,5.8,60.1,255949,100.1034949,3.922,1.16,14078.4,1049.9,1443.8,711,195.866,1.5666666666666667,6.933333333333334,908.6666666666666,3.54,64.2,196.97766666666666
2017-12-01,564275,881,13892.326,854,850.0,104,294,6.6,60.1,256109,100.1894523,3.95,1.16,14111.5,989.3,1454.1,630,197.044,1.5333333333333334,6.966666666666667,915.3333333333334,3.51,64.2,198.0593333333333
2018-01-01,570597,870,15534.35,883,854.0,103,294,6.2,60.2,256780,100.2711543,4.0325,1.33,14211.4,1127.7,1442.4,610,198.201,1.5,7.0,922.0,3.48,64.2,199.141
2018-02-01,576567,886,15179.495,906,893.0,101,295,5.4,60.4,256934,100.3469385,4.33,1.42,14250.1,1162.4,1453.0,618,199.18400000000003,1.5,6.933333333333334,924.0,3.3933333333333335,64.23333333333333,199.9681111111111
2018-03-01,571961,851,18583.155,889,855.0,100,293,4.5,60.4,257097,100.4142279,4.444,1.42,14298.3,1170.0,1452.7,670,200.038,1.5,6.866666666666666,926.0,3.3066666666666666,64.26666666666667,200.7952222222222
2018-04-01,574593,863,19219.115,892,787.0,99,294,4.8,60.4,257272,100.4684994,4.4675,1.67,14329.5,1152.3,1466.7,655,200.876,1.5,6.8,928.0,3.22,64.3,201.62233333333333
2018-05-01,578615,843,20593.37,937,876.0,98,299,4.8,60.5,257454,100.5044394,4.586,1.7,14373.2,1160.9,1475.8,674,201.646,1.5333333333333334,6.8999999999999995,930.0,3.1433333333333335,64.33333333333333,202.32199999999997
2018-06-01,570521,853,19963.246,854,856.0,97,308,5.5,60.4,257642,100.5180699,4.57,1.7,14416.2,1181.7,1471.2,631,202.345,1.5666666666666667,7.0,932.0,3.066666666666667,64.36666666666667,203.02166666666665
2018-07-01,560485,873,19036.56,860,818.0,95,313,6.1,60.5,257843,100.5102271,4.5275,1.91,14467.0,1192.8,1477.1,611,203.015,1.6,7.1,934.0,2.99,64.4,203.7213333333333
2018-08-01,550313,827,19463.956,889,939.0,97,322,6.8,60.3,258066,100.4847365,4.55,1.91,14509.6,1192.5,1482.6,592,203.783,1.5666666666666667,6.933333333333333,938.0,2.936666666666667,64.53333333333333,204.2973333333333
2018-09-01,550704,854,16009.395,880,837.0,96,326,7.1,60.4,258290,100.4481826,4.6275,1.91,14498.8,1195.7,1475.0,589,204.366,1.5333333333333334,6.766666666666667,942.0,2.8833333333333333,64.66666666666667,204.8733333333333
2018-10-01,535314,847,18166.321,865,826.0,93,335,7.8,60.5,258514,100.4110062,4.83,2.18,14527.7,1169.4,1480.8,567,205.017,1.5,6.6,946.0,2.83,64.8,205.44933333333333
2018-11-01,537537,848,15010.148,804,778.0,89,341,7.7,60.5,258708,100.3843189,4.866,2.2,14550.4,1135.5,1505.0,600,205.46400000000003,1.4666666666666666,6.733333333333333,948.6666666666666,2.783333333333333,64.6,205.8751111111111
2018-12-01,517562,829,13103.66,814,774.0,87,348,9.1,60.6,258888,100.3768651,4.6375,2.2,14719.3,1450.5,1447.6,550,205.867,1.4333333333333333,6.866666666666666,951.3333333333334,2.736666666666667,64.4,206.30088888888886
2019-01-01,516899,821,14255.89,966,922.0,87,349,7.1,60.6,258239,100.391328,4.464,2.4,14714.3,1386.6,1463.4,599,206.266,1.4,7.0,954.0,2.69,64.2,206.72666666666663
2019-02-01,516346,817,14011.798,792,839.0,88,340,6.0,60.8,258392,100.4268574,4.37,2.4,14742.1,1419.1,1462.2,638,206.712,1.3666666666666667,6.933333333333334,956.0,2.66,64.16666666666667,207.31422222222218
2019-03-01,517654,816,17028.186,833,961.0,90,331,4.8,60.7,258537,100.4800761,4.265,2.4,14732.5,1324.4,1494.3,702,207.202,1.3333333333333333,6.866666666666666,958.0,2.63,64.13333333333333,207.90177777777777
2019-04-01,523932,786,18597.924,862,924.0,91,330,5.2,60.6,258693,100.5446328,4.1425,2.41,14678.0,1233.3,1496.9,698,207.941,1.3,6.8,960.0,2.6,64.1,208.48933333333332
2019-05-01,531954,810,19811.438,814,885.0,92,334,5.9,60.6,258861,100.6135383,4.072,2.45,14673.5,1190.7,1510.3,620,208.58,1.3333333333333333,6.8,965.0,2.5500000000000003,64.33333333333333,209.06377777777777
2019-06-01,542612,823,18387.526,864,883.0,93,326,5.0,60.7,259037,100.6807524,3.8025,2.4,14686.4,1159.0,1520.6,753,208.947,1.3666666666666667,6.8,970.0,2.5,64.56666666666666,209.63822222222223
2019-07-01,554234,829,19259.858,871,904.0,94,327,5.9,60.8,259225,100.7425267,3.765,2.39,14703.7,1138.0,1523.4,674,209.496,1.4,6.8,975.0,2.45,64.8,210.21266666666668
2019-08-01,558908,896,19568.3,911,938.0,96,325,5.7,60.8,259432,100.7968968,3.616,2.14,14777.8,1179.0,1528.4,699,210.231,1.4,6.666666666666667,978.0,2.4133333333333336,64.89999999999999,210.97266666666667
2019-09-01,561924,900,17639.251,906,852.0,97,322,5.7,60.9,259638,100.8436297,3.605,2.13,14807.9,1198.1,1542.5,719,210.911,1.4,6.533333333333333,981.0,2.3766666666666665,65.0,211.7326666666667
2019-10-01,564734,929,19944.934,911,920.0,98,324,5.9,60.9,259845,100.8847679,3.688,1.88,14821.4,1203.6,1529.9,714,211.598,1.4,6.4,984.0,2.34,65.1,212.49266666666668
2019-11-01,577566,935,15792.463,933,915.0,99,322,5.6,61.0,260020,100.9215136,3.695,1.57,14885.9,1227.8,1547.1,694,212.446,1.3,6.466666666666667,989.3333333333334,2.3433333333333333,65.16666666666666,213.5107777777778
2019-12-01,583160,940,15548.104,1047,903.0,100,322,5.3,61.0,260181,100.9515862,3.72,1.56,14844.1,1193.8,1540.6,688,213.43400000000003,1.2,6.533333333333333,994.6666666666666,2.3466666666666667,65.23333333333333,214.52888888888893
2020-01-01,596265,977,17213.57,989,906.0,98,325,5.0,61.1,259502,100.9669692,3.624,1.55,14976.5,1293.8,1550.8,708,214.49,1.1,6.6,1000.0,2.35,65.3,215.54700000000005
2020-02-01,607522,994,17544.116,1034,1010.0,104,327,5.5,61.2,259628,100.9557263,3.465,1.59,15068.8,1392.4,1550.0,690,215.549,1.0333333333333334,6.3,1015.3333333333334,2.4133333333333336,66.16666666666667,216.28600000000003
2020-03-01,617990,884,19155.129,880,907.0,96,330,6.5,59.9,259758,96.08366041,3.45,1.58,14844.0,2147.9,1353.9,610,216.602,0.9666666666666667,6.0,1030.6666666666667,2.4766666666666666,67.03333333333333,217.02500000000003
2020-04-01,599184,673,15597.214,685,865.0,73,321,6.6,51.3,259896,93.0956603,3.306,0.06,17170.7,6392.5,1195.4,582,217.46400000000003,0.9,5.7,1046.0,2.54,67.9,217.764
2020-05-01,591253,753,16376.47,733,836.0,80,312,5.3,52.8,260047,91.58003532,3.2325,0.05,16333.0,4478.1,1532.5,706,217.689,0.9,5.933333333333334,1047.6666666666667,2.64,67.73333333333333,219.40200000000002
2020-06-01,593464,850,20810.768,903,927.0,86,301,4.3,54.7,260204,93.39465649,3.1625,0.05,16057.3,3445.3,1676.9,922,218.139,0.9,6.166666666666667,1049.3333333333333,2.7399999999999998,67.56666666666668,221.04
2020-07-01,614353,993,22757.801,995,950.0,97,291,3.6,55.2,260373,95.18736623,3.016,0.08,16151.9,3359.4,1730.9,1007,219.702,0.9,6.4,1051.0,2.84,67.4,222.678
2020-08-01,638430,1055,21995.756,1023,895.0,95,286,3.5,56.5,260558,96.95749456,2.935,0.1,15553.9,2598.4,1754.4,1036,222.539,0.9333333333333333,6.433333333333334,1043.6666666666667,2.8033333333333332,66.87416769338792,225.98266666666666
2020-09-01,657613,1121,23179.135,1105,933.0,96,286,2.5,56.6,260742,97.14427086,2.89,0.09,15643.4,2506.2,1774.6,991,225.793,0.9666666666666667,6.466666666666667,1036.3333333333333,2.7666666666666666,66.34833538677583,229.28733333333335
2020-10-01,677725,1141,23846.574,1162,898.0,100,284,3.5,57.4,260925,97.33597359,2.834,0.09,15568.4,2370.9,1794.0,1001,229.403,1.0,6.5,1029.0,2.73,65.82250308016374,232.592
2020-11-01,697825,1155,19839.048,1182,913.0,101,290,4.0,57.4,261085,97.54530126,2.765,0.09,15366.5,2239.3,1763.7,851,232.673,0.9666666666666667,6.6,1032.6666666666667,2.7133333333333334,65.74833538677582,235.77522222222223
2020-12-01,719089,1233,22196.074,1315,958.0,104,299,3.8,57.4,261230,97.92092986,2.684,0.09,15393.8,2426.2,1719.9,871,235.7,0.9333333333333333,6.7,1036.3333333333333,2.6966666666666668,65.67416769338791,238.95844444444444
